QQQ, 305.65, 305.65, 305.65, 305.24, 310.09, 328.83, 324.88, 344.83, 355.10, 370.08, 348.67, 376.50, 384.02, 387.95, 354.47, 338.60, 353.97, 306.22, 301.36, 273.99, 308.98, 293.12, 261.77, 272.73, 287.85, 261.28, 289.77, 288.73, 315.65, 317.75, 342.80, 363.91, 378.47, 372.86, 353.41, 346.61, 384.11, 404.55, 412.95, 434.76, 439.73, 421.05, 446.95, 475.11, 467.88, 473.05, 484.77, 481.25, 507.00, 508.49, 520.32, 506.26, 467.15, 474.39, 517.93, 550.38, 564.36, 569.74, 599.67, 629.07, 619.25, 625.58, 611.97
SPY, 346.47, 346.47, 346.47, 356.11, 371.06, 391.97, 394.54, 402.08, 413.24, 425.54, 404.41, 434.17, 430.68, 449.02, 426.84, 414.24, 428.48, 392.08, 392.97, 359.01, 393.77, 377.70, 341.38, 370.65, 391.25, 367.02, 391.89, 382.04, 394.70, 402.53, 404.39, 429.00, 444.69, 437.46, 415.25, 407.66, 444.90, 463.34, 472.62, 497.29, 511.96, 492.84, 517.77, 534.32, 542.53, 555.21, 565.13, 561.81, 595.31, 579.04, 596.59, 589.02, 554.53, 551.38, 586.03, 614.33, 630.33, 643.27, 664.34, 682.06, 683.39, 689.17, 681.02
NVDA, 12.95, 12.95, 12.95, 13.68, 13.31, 14.97, 16.20, 19.95, 19.46, 22.34, 20.67, 25.51, 32.61, 29.35, 24.44, 24.34, 27.23, 18.51, 18.64, 15.13, 18.13, 15.07, 12.12, 13.48, 16.90, 14.60, 19.52, 23.19, 27.75, 27.73, 37.80, 42.27, 46.70, 49.32, 43.47, 40.75, 46.74, 49.49, 61.49, 79.07, 90.31, 86.36, 109.58, 123.48, 116.97, 119.32, 121.39, 132.71, 138.20, 134.24, 120.04, 124.89, 108.35, 108.90, 135.11, 157.96, 177.85, 174.16, 186.56, 202.48, 176.99, 180.92, 177.12
AAPL, 128.46, 128.46, 128.46, 118.04, 119.08, 128.16, 121.48, 133.75, 142.44, 148.27, 138.39, 146.51, 161.67, 173.92, 171.19, 161.73, 171.24, 154.61, 145.97, 134.28, 159.61, 154.41, 135.92, 150.81, 145.59, 128.00, 142.15, 145.22, 162.70, 167.41, 174.88, 191.64, 194.09, 185.62, 169.39, 168.95, 187.93, 190.73, 182.67, 179.06, 170.09, 168.95, 190.69, 209.20, 220.58, 227.46, 231.70, 224.65, 236.00, 249.29, 234.94, 240.75, 221.37, 211.78, 200.17, 204.74, 207.13, 231.65, 254.38, 270.11, 278.58, 278.03, 274.30
GOOGL, 90.68, 90.68, 90.68, 100.34, 102.35, 116.79, 116.96, 121.17, 133.72, 143.61, 132.67, 146.94, 140.83, 143.77, 134.29, 134.04, 138.02, 113.25, 112.91, 108.15, 115.45, 107.41, 94.93, 93.80, 100.23, 87.57, 98.10, 89.38, 102.95, 106.54, 121.95, 118.80, 131.72, 135.15, 129.88, 123.15, 131.54, 138.64, 139.05, 137.42, 149.80, 161.56, 171.21, 180.78, 170.45, 162.34, 164.80, 170.25, 168.10, 188.35, 203.22, 169.62, 154.04, 158.36, 171.27, 175.74, 191.60, 212.58, 242.72, 281.01, 319.97, 312.23, 307.83
MSFT, 222.57, 222.57, 222.57, 222.98, 226.75, 242.53, 240.13, 261.14, 274.64, 291.00, 272.28, 320.28, 319.29, 325.42, 300.90, 289.10, 298.93, 269.08, 263.60, 249.60, 272.83, 254.11, 226.82, 226.07, 248.48, 234.22, 242.02, 243.60, 282.27, 300.84, 321.53, 334.15, 329.62, 321.61, 310.48, 332.47, 372.59, 370.52, 391.74, 407.56, 415.31, 384.32, 409.79, 441.99, 413.71, 412.51, 426.30, 402.57, 419.52, 418.41, 412.02, 394.08, 373.39, 393.15, 457.91, 495.67, 531.63, 504.91, 516.98, 516.84, 491.09, 483.47, 473.77
AMZN, 160.31, 160.31, 160.31, 154.65, 154.70, 173.37, 161.15, 172.01, 166.38, 173.54, 164.25, 168.62, 175.35, 166.72, 149.57, 153.56, 163.00, 124.28, 120.21, 106.21, 134.95, 126.77, 113, 102.44, 96.54, 84, 103.13, 94.23, 103.29, 105.45, 120.58, 130.36, 133.68, 138.01, 127.12, 133.09, 146.09, 151.94, 155.20, 176.76, 180.38, 175, 176.44, 193.25, 186.98, 178.50, 186.33, 186.40, 207.89, 219.39, 237.68, 212.28, 190.26, 184.42, 205.01, 219.39, 234.11, 229, 219.57, 244.22, 233.22, 230.28, 223.47
AVGO, 40.60, 40.60, 40.60, 42.35, 41.79, 41.44, 42.91, 43.31, 44.44, 45.52, 44.39, 49.03, 51.06, 61.36, 54.38, 54.52, 58.44, 51.80, 54.21, 45.39, 50.45, 47.02, 41.83, 44.66, 52.35, 53.12, 56.04, 56.93, 61.46, 60.45, 77.95, 83.69, 87.17, 89.52, 80.56, 82.06, 90.28, 108.86, 115.61, 127.41, 129.86, 127.94, 130.72, 157.97, 158.60, 160.71, 170.26, 168.12, 160.51, 229.59, 219.71, 198.02, 166.25, 191.69, 241.09, 274.53, 293.20, 296.88, 329.35, 369.63, 402.96, 406.37, 344.25
META, 256.75, 256.75, 256.75, 256.04, 292.73, 323.09, 326.72, 345.58, 354.12, 377.06, 337.31, 321.59, 322.47, 334.29, 311.34, 209.74, 221.00, 199.24, 192.45, 160.26, 158.13, 161.93, 134.85, 92.59, 117.38, 119.60, 148.06, 173.87, 210.64, 238.85, 263.10, 285.22, 316.65, 294.08, 298.37, 299.42, 325.15, 351.79, 387.75, 487.13, 483.12, 427.99, 464.46, 501.66, 472.89, 519.18, 570.10, 565.80, 572.52, 583.67, 687.57, 666.64, 575.02, 548.21, 646.56, 737.03, 772.92, 738.20, 733.88, 648.35, 647.95, 652.71, 644.90
TSLA, 264.51, 264.51, 264.51, 225.17, 222.64, 236.48, 208.41, 226.57, 229.07, 245.24, 258.49, 371.33, 381.59, 352.26, 312.24, 290.14, 359.20, 290.25, 252.75, 224.47, 297.15, 275.61, 265.25, 227.54, 194.70, 123.18, 173.22, 205.71, 207.46, 164.31, 203.93, 261.77, 267.43, 258.08, 250.22, 200.84, 240.08, 248.48, 187.29, 201.88, 175.79, 183.28, 178.08, 197.88, 232.07, 214.11, 261.63, 249.85, 345.16, 403.84, 404.60, 292.98, 259.16, 282.16, 346.46, 317.66, 308.27, 333.87, 444.72, 456.56, 430.17, 446.89, 477.13
TSM, 111.74, 111.74, 111.74, 115.81, 108.77, 107.75, 108.33, 110.91, 108.07, 110.27, 103.45, 105.78, 108.99, 111.93, 114.56, 99.97, 97.40, 87.24, 89.46, 76.74, 83.50, 78.65, 64.70, 58.41, 78.75, 70.69, 88.50, 83.10, 88.78, 80.87, 94.58, 96.82, 95.52, 90.14, 83.72, 83.58, 94.23, 100.71, 109.90, 125.19, 132.37, 134.17, 147.55, 169.79, 162.48, 168.26, 170.19, 187.41, 181.63, 194.25, 206.54, 178.13, 163.79, 165.11, 191.49, 224.35, 240.21, 229.52, 277.66, 299.62, 290.73, 304.03, 291.18
BRK-B, 227.87, 227.87, 227.87, 240.51, 255.47, 274.95, 289.44, 277.92, 278.29, 285.77, 272.94, 287.01, 276.69, 299, 313.02, 321.45, 352.91, 322.83, 315.98, 273.02, 300.60, 280.80, 267.02, 295.09, 318.60, 308.90, 311.52, 305.18, 308.77, 328.55, 321.08, 341, 351.96, 360.20, 350.30, 341.33, 360, 356.66, 383.74, 409.40, 420.52, 396.73, 414.40, 406.80, 438.50, 475.92, 460.26, 450.92, 483.02, 453.28, 468.67, 513.83, 532.58, 533.25, 503.96, 485.77, 471.88, 502.98, 502.74, 477.54, 513.81, 495.85, 503.27
LLY, 197.36, 197.36, 197.36, 194.44, 178.03, 174.17, 190.34, 219.69, 233.07, 247.22, 221.86, 244.63, 238.18, 266.10, 236.40, 240.79, 277.03, 282.60, 303.22, 314.71, 320.01, 292.39, 314.88, 352.61, 361.36, 357.25, 336.07, 303.92, 336.44, 387.82, 420.74, 460.65, 446.48, 544.36, 528.72, 545.26, 581.78, 574.85, 636.67, 743.25, 768.54, 771.64, 810.40, 895.94, 795.88, 950.01, 877.93, 822.24, 788.16, 766.28, 805.08, 913.81, 821.21, 893.83, 733.47, 776.68, 737.37, 729.90, 761.88, 861.59, 1073.89, 1009.38, 1054.86
WMT, 43.84, 43.84, 43.84, 40.54, 42.39, 43.84, 44.51, 44.37, 44.85, 46.59, 44.01, 47.18, 44.41, 45.69, 44.32, 42.85, 47.21, 48.69, 40.94, 38.83, 42.18, 42.34, 41.61, 45.66, 48.90, 45.49, 46.33, 45.77, 47.48, 48.81, 47.49, 51.01, 51.88, 52.78, 52.09, 53.23, 50.71, 51.35, 54.02, 57.48, 59.01, 58.41, 64.72, 66.87, 67.78, 76.27, 79.97, 81.16, 91.61, 89.48, 97.43, 97.87, 87.13, 96.79, 98.25, 97.55, 97.75, 96.75, 103.06, 101.18, 110.51, 115.52, 116.21
JPM, 113.01, 113.01, 113.01, 130.19, 134.66, 136.06, 146.14, 138.40, 135.06, 143.15, 146.49, 152.04, 143.00, 142.57, 133.79, 128.43, 123.47, 108.11, 120.65, 102.75, 105.26, 104.69, 96.19, 115.87, 128.33, 124.54, 129.99, 134.12, 121.92, 129.34, 127.97, 137.14, 148.95, 138.93, 137.69, 132.03, 149.28, 162.69, 166.76, 179.05, 192.75, 184.52, 196.13, 195.78, 205.98, 218.80, 205.23, 216.00, 244.54, 234.74, 261.76, 260.50, 241.46, 240.79, 261.46, 287.12, 293.39, 299.96, 313.90, 309.61, 313.08, 317.38, 320.58
V, 186.37, 186.37, 186.37, 204.83, 204.51, 225.59, 219.55, 226.17, 238.33, 221.61, 215.76, 205.12, 187.69, 210.28, 219.46, 209.70, 215.54, 207.14, 206.21, 191.72, 206.54, 193.49, 173.29, 202.08, 211.68, 203.12, 225.07, 215.02, 220.85, 227.97, 216.51, 233.08, 233.33, 241.13, 226.17, 231.18, 252.40, 256.55, 269.27, 278.52, 275.52, 265.19, 268.99, 259.60, 262.77, 273.35, 272.49, 287.26, 312.26, 313.81, 339.39, 360.15, 348.57, 343.64, 363.22, 353.73, 344.18, 350.47, 340.71, 340.07, 333.78, 345.63, 346.83
ORCL, 56.37, 56.37, 56.37, 60.40, 65.70, 70.96, 74.04, 73.20, 81.94, 84.12, 82.24, 90.55, 85.94, 82.60, 76.87, 72.22, 78.65, 69.78, 68.64, 66.68, 74.29, 71.08, 58.54, 74.84, 80.00, 78.76, 85.24, 84.53, 89.87, 91.61, 102.89, 115.66, 113.86, 117.33, 103.23, 100.78, 113.68, 103.13, 109.26, 109.67, 123.35, 111.70, 115.45, 139.10, 137.38, 139.58, 168.34, 165.81, 183.02, 165.00, 168.39, 164.83, 138.77, 139.68, 164.89, 217.79, 252.79, 225.74, 280.75, 262.16, 201.95, 198.85, 183.04
JNJ, 141.53, 141.53, 141.53, 137.48, 143.48, 142.06, 147.76, 144.72, 151.27, 152.09, 142.71, 143.93, 137.79, 152.16, 153.24, 146.38, 158.65, 161.54, 160.71, 159.92, 157.23, 145.35, 148.16, 157.79, 161.44, 161.25, 149.17, 139.90, 142.51, 150.50, 142.56, 153.33, 155.19, 149.77, 145.32, 138.41, 144.31, 147.42, 149.45, 151.78, 149.91, 137.02, 138.99, 139.63, 150.80, 158.45, 155.99, 153.88, 149.21, 140.32, 147.63, 160.12, 162.20, 152.88, 151.81, 150.68, 162.51, 174.77, 184.25, 187.68, 205.61, 210.01, 213.57
MA, 307.46, 307.46, 307.46, 344.41, 346.55, 371.86, 351.37, 355.77, 376.09, 337.79, 339.20, 327.34, 307.63, 351.00, 377.44, 352.93, 349.56, 355.43, 350.53, 309.01, 346.53, 318.20, 278.93, 321.94, 350.19, 341.67, 364.14, 349.67, 357.66, 374.01, 359.80, 387.68, 388.65, 407.33, 390.82, 371.51, 409.10, 421.63, 444.09, 470.07, 476.82, 446.75, 443.27, 437.41, 459.77, 479.94, 490.33, 496.08, 529.90, 523.56, 552.26, 573.86, 545.79, 545.73, 584.04, 560.44, 564.96, 594.51, 568.06, 551.26, 550.53, 563.37, 571.14
XOM, 36.65, 36.65, 36.65, 44.44, 46.41, 47.58, 48.52, 53.20, 48.55, 45.98, 50.35, 55.19, 51.23, 53.09, 65.90, 68.03, 72.45, 74.78, 84.21, 75.89, 85.90, 84.71, 78.12, 99.15, 99.62, 99.49, 104.64, 99.14, 99.67, 107.56, 92.87, 98.33, 98.32, 101.94, 108.68, 97.84, 94.97, 93.26, 95.90, 97.49, 109.43, 111.35, 110.39, 109.26, 112.55, 111.94, 112.15, 111.73, 112.86, 103.76, 103.05, 107.39, 115.75, 102.80, 99.56, 105.88, 109.65, 112.25, 111.77, 113.37, 114.91, 119.54, 117.50
NFLX, 53.24, 53.24, 53.24, 53.88, 52.17, 51.35, 50.28, 52.82, 51.76, 56.92, 61.03, 69.03, 64.19, 60.24, 42.71, 39.45, 37.46, 19.04, 19.74, 17.49, 22.49, 22.36, 23.54, 29.19, 30.55, 29.49, 35.39, 32.21, 34.55, 32.99, 39.52, 44.05, 43.90, 43.37, 37.76, 41.17, 47.40, 48.69, 56.41, 60.29, 60.73, 55.06, 64.16, 67.49, 62.83, 70.14, 70.93, 75.60, 88.68, 89.13, 97.68, 98.06, 93.25, 113.17, 120.72, 133.91, 115.94, 120.82, 119.89, 111.89, 107.58, 94.09, 94.27
ABBV, 84.33, 84.33, 84.33, 89.69, 90.09, 92.82, 95.39, 94.91, 98.00, 102.91, 91.91, 97.70, 99.41, 116.76, 118.05, 128.75, 141.25, 127.98, 129.49, 134.58, 126.10, 119.26, 119.03, 129.85, 144.41, 144.79, 132.38, 139.20, 144.14, 136.68, 125.93, 122.98, 136.53, 135.63, 137.57, 130.30, 132.73, 144.45, 153.24, 165.67, 171.36, 153.05, 153.15, 162.92, 176.02, 188.18, 189.30, 195.42, 176.75, 171.70, 177.69, 203.87, 204.35, 190.29, 183.20, 182.71, 186.06, 208.89, 229.88, 216.48, 227.70, 223.98, 227.65
COST, 333.46, 333.46, 333.46, 313.18, 334.17, 352.76, 359.38, 375.92, 408.27, 433.56, 427.72, 467.87, 514.24, 541.24, 481.59, 495.05, 549.84, 507.71, 445.89, 458.38, 517.70, 500.19, 452.46, 480.46, 517.56, 438.14, 490.58, 464.70, 477.71, 483.82, 491.84, 518.70, 540.18, 529.20, 545.34, 533.25, 572.15, 638.32, 687.26, 735.73, 725.66, 716.02, 803.47, 843.26, 815.49, 886.57, 880.75, 868.49, 965.55, 911.51, 974.79, 1043.17, 941.91, 990.43, 1035.92, 987.17, 937.01, 940.68, 924.32, 910.16, 913.59, 884.48, 868.36
PLTR, 35.18, 35.18, 35.18, 23.90, 23.29, 23.04, 22.95, 26.36, 21.71, 26.34, 24.04, 25.88, 20.65, 18.21, 13.71, 11.85, 13.73, 10.40, 8.68, 9.07, 10.35, 7.72, 8.13, 8.79, 7.50, 6.42, 7.78, 7.84, 8.45, 7.75, 14.71, 15.33, 19.84, 14.98, 16, 14.80, 20.05, 17.17, 16.09, 25.08, 23.01, 21.97, 21.68, 25.33, 26.89, 31.48, 37.20, 41.56, 67.08, 75.63, 82.49, 84.92, 84.40, 118.44, 131.78, 136.32, 158.35, 156.71, 182.42, 200.47, 168.45, 187.54, 185.28
BAC, 26.28, 26.28, 26.28, 30.76, 34.29, 36.10, 37.75, 36.72, 34.31, 37.34, 37.97, 42.95, 39.98, 40.00, 41.68, 39.93, 37.23, 32.39, 33.77, 28.26, 30.87, 30.68, 27.57, 33.12, 34.78, 30.44, 32.80, 31.70, 26.44, 27.24, 25.85, 26.69, 30.01, 26.89, 25.89, 24.91, 28.83, 32.09, 32.42, 32.90, 36.40, 35.52, 38.38, 38.17, 38.93, 39.35, 38.32, 40.65, 46.18, 42.72, 45.25, 45.06, 40.79, 39.22, 43.40, 46.54, 46.77, 50.20, 51.04, 53.17, 53.37, 54.28, 55.46
ASML, 510.60, 510.60, 510.60, 542.08, 590.13, 619.52, 645.68, 662.28, 735.05, 798.61, 714.31, 779.28, 758.79, 765.21, 650.89, 640.61, 641.98, 541.86, 553.90, 460.53, 555.91, 474.14, 402.92, 458.28, 589.92, 531.64, 642.99, 601.05, 663.76, 621.00, 704.93, 708.77, 700.62, 645.97, 576.97, 586.92, 670.18, 743.78, 854.73, 935.17, 955.30, 858.83, 947.30, 1008.83, 923.97, 893.24, 823.45, 664.64, 680.11, 686.52, 732.31, 702.37, 657.75, 663.16, 733.60, 797.95, 691.73, 741.30, 966.38, 1057.35, 1060, 1122.84, 1086.02
BABA, 241.06, 241.06, 241.06, 225.80, 215.32, 219.33, 203.20, 215.37, 185.37, 158.59, 140.60, 156.64, 121.11, 112.81, 119.46, 99.90, 103.33, 92.21, 91.22, 107.96, 84.87, 90.61, 75.97, 60.38, 83.16, 83.66, 104.66, 83.37, 97.04, 80.43, 75.55, 79.16, 97.02, 88.23, 82.38, 78.39, 71.11, 73.61, 69.46, 71.25, 69.64, 72.04, 75.40, 69.30, 77.54, 81.95, 104.36, 96.35, 85.92, 83.38, 97.20, 130.31, 130.03, 117.44, 111.95, 111.53, 120.63, 135, 178.73, 170.43, 157.30, 156.90, 150.86
HD, 239.77, 239.77, 239.77, 228.72, 270.25, 288.35, 284.11, 284.09, 293.91, 292.11, 293.97, 334.60, 360.59, 373.55, 331.69, 285.46, 270.54, 273.15, 275.28, 249.39, 275.37, 263.91, 254.14, 272.73, 298.39, 292.66, 300.36, 274.76, 273.45, 280.49, 264.54, 292.00, 313.81, 310.48, 285.84, 269.32, 296.56, 330.04, 336.14, 362.47, 365.32, 320.20, 320.82, 332.09, 355.17, 355.49, 393.27, 382.16, 416.50, 379.53, 401.96, 386.95, 357.58, 353.95, 361.61, 359.99, 363.09, 401.88, 400.32, 377.15, 354.63, 355.16, 359.36
PG, 113.13, 113.13, 113.13, 109.66, 120.23, 118.44, 120.48, 120.55, 127.07, 128.01, 125.68, 128.55, 130.79, 147.97, 145.14, 141.78, 138.97, 146.02, 135.25, 131.51, 127.05, 126.98, 116.22, 123.97, 138.28, 140.51, 131.99, 128.33, 138.71, 145.88, 133.77, 142.44, 146.72, 145.79, 137.78, 141.72, 145.94, 139.30, 149.38, 152.04, 155.21, 156.12, 158.41, 158.78, 154.78, 166.15, 167.76, 159.99, 174.65, 163.33, 161.72, 170.40, 167.05, 159.35, 167.56, 157.14, 148.41, 155.95, 152.58, 149.33, 148.16, 140.76, 144.49
AMD, 85.64, 85.64, 85.64, 84.51, 78.50, 81.62, 80.08, 93.93, 106.19, 110.72, 102.90, 120.23, 158.37, 143.90, 114.25, 123.34, 109.34, 85.52, 101.86, 76.47, 94.47, 84.87, 63.36, 60.06, 77.63, 64.77, 75.15, 78.58, 98.01, 89.37, 118.21, 113.91, 114.40, 105.72, 102.82, 98.50, 121.16, 147.41, 167.69, 192.53, 180.49, 158.38, 166.90, 162.21, 144.48, 148.56, 164.08, 144.07, 137.18, 120.79, 115.95, 99.86, 102.74, 97.35, 110.73, 141.90, 176.31, 162.63, 161.79, 256.12, 217.53, 221.43, 211.30
KO, 41.43, 41.43, 41.43, 42.15, 45.35, 46.83, 47.96, 46.94, 49.85, 49.22, 45.86, 49.64, 46.19, 52.55, 54.14, 55.24, 55.02, 57.78, 56.68, 56.26, 57.80, 55.58, 50.46, 54.30, 57.71, 58.12, 56.03, 54.38, 56.68, 59.07, 54.93, 55.45, 57.46, 55.51, 51.94, 52.82, 54.65, 55.54, 56.07, 56.57, 57.67, 58.69, 59.79, 60.47, 63.90, 69.39, 68.80, 62.96, 61.78, 60.48, 61.66, 69.17, 69.57, 70.99, 70.55, 69.23, 66.90, 67.99, 65.36, 68.42, 72.61, 68.63, 70.86
GE, 52.09, 52.09, 52.09, 61.17, 64.04, 64.04, 68.63, 65.70, 63.26, 64.37, 62.91, 64.09, 58.05, 57.73, 57.79, 58.42, 55.97, 45.64, 47.93, 38.98, 45.30, 45.01, 37.95, 47.75, 52.76, 51.42, 63.33, 66.66, 75.23, 77.95, 79.97, 86.52, 89.98, 90.22, 87.14, 85.68, 96.07, 100.67, 104.51, 123.83, 138.54, 160.03, 163.61, 157.49, 168.62, 173.29, 187.14, 170.72, 181.04, 165.76, 202.65, 206.04, 199.24, 201.00, 245.25, 256.70, 270.35, 274.86, 300.45, 308.95, 298.45, 288.42, 305.76
CVX, 68.89, 68.89, 68.89, 80.86, 85.93, 84.52, 85.11, 86.94, 84.50, 80.32, 85.34, 96.31, 94.95, 99.86, 111.75, 122.53, 140.01, 134.72, 150.18, 125.52, 141.99, 137.03, 125.69, 158.25, 160.36, 158.24, 153.41, 141.73, 145.11, 149.93, 133.96, 141.31, 146.98, 144.68, 152.89, 132.14, 130.21, 136.66, 135.08, 139.28, 146.10, 149.37, 150.33, 146.34, 150.13, 138.42, 139.32, 140.79, 153.19, 138.42, 142.58, 151.59, 161.65, 131.47, 132.09, 140.05, 148.31, 157.08, 153.57, 155.98, 149.46, 150.72, 149.26
UNH, 307.47, 307.47, 307.47, 306.22, 342.95, 368.89, 381.03, 370.41, 382.71, 386.47, 362.76, 429.00, 413.86, 467.82, 441.71, 444.79, 476.67, 476.75, 465.71, 481.51, 510.24, 488.59, 475.15, 523.93, 516.95, 500.36, 472.57, 450.56, 447.39, 467.51, 462.90, 456.63, 483.05, 454.63, 480.97, 512.88, 529.55, 504.18, 491.74, 474.31, 475.37, 466.63, 477.89, 491.29, 558.18, 571.79, 566.44, 548.83, 593.26, 491.82, 529.45, 463.54, 511.16, 403.27, 295.91, 305.77, 246.34, 305.87, 340.84, 339.28, 327.57, 334.48, 337.96
CSCO, 38.47, 38.47, 38.47, 39.03, 44.98, 44.28, 46.35, 46.43, 48.51, 52.07, 48.02, 49.38, 48.71, 56.28, 49.44, 49.83, 49.82, 43.76, 40.52, 38.36, 40.81, 40.59, 36.30, 41.23, 45.55, 43.64, 44.58, 44.71, 48.27, 43.63, 46.21, 48.13, 48.41, 53.76, 50.39, 48.86, 45.68, 47.70, 47.38, 46.02, 47.49, 44.70, 44.61, 45.57, 46.48, 48.90, 51.49, 52.99, 57.72, 57.71, 59.08, 62.92, 60.57, 56.66, 62.29, 68.55, 67.27, 68.68, 68.01, 72.67, 76.94, 79.27, 77.89
AZN, 45.15, 45.15, 45.15, 43.17, 45.22, 48.27, 51.63, 54.48, 52.06, 53.01, 55.06, 57.19, 50.27, 53.40, 53.37, 55.81, 61.83, 61.88, 61.96, 61.57, 61.72, 58.13, 51.47, 55.19, 63.79, 63.63, 61.35, 61.17, 66.09, 69.72, 69.58, 68.15, 68.27, 64.57, 64.90, 60.60, 61.90, 64.55, 63.87, 61.49, 65.93, 73.84, 75.92, 75.89, 77.02, 85.27, 76.28, 69.66, 66.21, 64.15, 69.28, 74.62, 72.99, 71.29, 72.33, 69.40, 72.59, 79.35, 76.72, 82.40, 92.72, 90.29, 90.94
IBM, 92.58, 92.58, 92.58, 92.44, 104.96, 111.75, 113.22, 116.75, 112.27, 111.78, 111.93, 100.78, 98.68, 114.14, 114.06, 104.62, 112.37, 114.26, 119.99, 123.50, 114.40, 112.36, 105.23, 122.49, 131.88, 126.28, 120.76, 115.89, 118.94, 114.69, 116.67, 123.06, 132.60, 135.04, 130.51, 134.55, 147.50, 153.87, 172.79, 174.08, 181.29, 157.79, 158.40, 165.83, 184.22, 193.80, 213.83, 199.94, 219.95, 214.29, 249.26, 246.08, 244.01, 237.30, 254.22, 291.19, 250.07, 240.53, 280.61, 305.72, 306.89, 310.74, 308.22
SAP, 116.13, 116.13, 116.13, 113.50, 112.99, 128.77, 128.76, 131.37, 134.42, 140.42, 126.30, 135.41, 120.13, 131.04, 117.11, 105.29, 103.78, 94.28, 93.38, 87.34, 89.74, 82.05, 78.22, 92.48, 106.74, 99.35, 114.12, 109.58, 121.84, 130.23, 125.58, 133.90, 133.45, 136.72, 126.57, 131.15, 155.74, 151.31, 169.42, 183.88, 190.89, 177.36, 178.56, 199.90, 209.70, 217.74, 227.05, 231.55, 235.47, 244.00, 273.59, 272.54, 266.03, 289.57, 300.15, 304.10, 286.70, 272.16, 267.21, 260.01, 241.75, 247.39, 245.73
WFC, 26.63, 26.63, 26.63, 32.24, 34.93, 40.28, 41.77, 40.58, 41.16, 40.95, 41.76, 46.04, 43.00, 43.34, 48.60, 48.21, 43.97, 39.59, 41.53, 35.74, 40.03, 39.88, 36.95, 42.25, 44.05, 38.18, 43.34, 43.24, 34.78, 36.99, 37.04, 40.02, 43.29, 38.72, 38.62, 37.59, 42.14, 46.93, 47.85, 53.01, 55.65, 56.96, 57.54, 57.36, 57.31, 56.47, 54.97, 63.18, 74.12, 68.75, 77.12, 76.65, 70.61, 69.84, 73.55, 79.24, 79.74, 81.27, 83.38, 86.52, 85.40, 92.59, 93.39
MS, 57.16, 57.16, 57.16, 65.87, 66.55, 70.74, 78.27, 78.90, 82.59, 90.53, 84.35, 89.10, 82.76, 85.68, 89.50, 79.75, 76.82, 70.83, 76.36, 67.43, 74.73, 76.26, 70.71, 73.53, 84.10, 76.82, 87.94, 87.90, 79.97, 81.95, 75.12, 78.46, 84.12, 78.95, 75.73, 65.67, 74.47, 87.52, 81.88, 81.55, 89.24, 86.10, 93.59, 92.96, 98.72, 100.00, 100.61, 112.20, 128.03, 122.30, 134.66, 130.35, 114.25, 113.02, 126.38, 139.04, 140.62, 149.57, 158.00, 163.01, 169.66, 180.29, 180.13
CAT, 166.26, 166.26, 166.26, 197.35, 211.96, 208.53, 221.38, 199.84, 189.85, 194.68, 177.23, 188.34, 179.49, 191.92, 187.11, 174.98, 207.85, 196.39, 202.31, 167.55, 185.82, 174.33, 154.86, 204.30, 224.62, 227.61, 239.71, 228.69, 218.46, 208.88, 197.49, 236.17, 254.52, 271.17, 263.33, 218.05, 243.09, 286.67, 291.17, 325.30, 356.93, 325.89, 330.94, 325.64, 338.45, 349.55, 383.92, 369.28, 400.07, 357.36, 365.91, 340.08, 326.08, 305.79, 345.77, 385.68, 435.17, 417.84, 475.78, 575.61, 575.76, 625.61, 592.96
TM, 123.82, 123.82, 123.82, 130.35, 137.51, 134.98, 148.60, 156.53, 161.01, 155.99, 159.14, 159.90, 161.06, 167.80, 179.71, 165.67, 163.23, 156.72, 152.48, 141.30, 149.01, 136.90, 119.41, 128.88, 137.12, 126.81, 136.58, 126.19, 131.55, 129.82, 128.69, 151.96, 159.04, 162.72, 169.93, 167.44, 181.40, 175.28, 190.88, 229.93, 240.57, 219.75, 210.28, 198.15, 187.11, 183.49, 172.63, 169.68, 167.34, 190.85, 185.28, 177.98, 173.12, 191.22, 190.57, 172.26, 178.97, 194.57, 191.09, 204.19, 201.87, 203.56, 215.05
MRK, 63.28, 63.28, 63.28, 59.63, 63.30, 61.71, 62.86, 67.51, 67.30, 66.79, 65.76, 77.78, 66.17, 67.70, 72.66, 68.29, 73.17, 79.79, 82.80, 82.02, 81.04, 77.43, 78.12, 92.53, 100.69, 101.45, 98.86, 97.79, 97.92, 107.02, 102.33, 106.95, 99.51, 101.68, 96.05, 96.47, 96.27, 102.41, 114.28, 120.31, 124.85, 123.04, 119.54, 117.88, 108.36, 113.46, 108.78, 98.67, 98.01, 95.93, 96.05, 89.67, 87.25, 83.53, 75.33, 77.61, 77.36, 83.30, 83.11, 85.98, 104.83, 99.01, 100.12
GS, 240.80, 240.80, 240.80, 283.70, 290.38, 310.64, 331.65, 339.49, 335.33, 369.88, 339.79, 371.54, 342.45, 343.85, 320.48, 308.39, 298.27, 277.66, 297.08, 271.62, 304.88, 304.22, 270.01, 317.43, 355.79, 318.46, 339.26, 326.13, 303.37, 320.80, 302.54, 303.57, 334.94, 308.43, 307.08, 288.13, 324.13, 369.11, 367.43, 372.25, 402.49, 411.18, 439.90, 438.49, 493.47, 494.65, 482.82, 504.93, 593.46, 558.40, 627.59, 609.84, 538.02, 539.26, 591.36, 700.51, 716.19, 737.62, 792.42, 785.48, 821.97, 906.54, 898.88
MU, 76.40, 76.40, 76.40, 89.34, 86.10, 84.01, 82.13, 82.95, 75.73, 71.94, 69.28, 67.54, 82.11, 91.05, 80.50, 86.95, 76.22, 66.72, 72.35, 54.17, 60.61, 55.50, 49.19, 53.11, 56.72, 49.17, 59.46, 57.01, 59.50, 63.46, 67.39, 62.36, 70.54, 69.23, 67.34, 66.20, 75.48, 84.62, 85.14, 89.97, 117.05, 112.27, 124.23, 130.72, 109.14, 95.73, 103.16, 99.12, 97.54, 83.81, 90.98, 93.36, 86.64, 76.83, 94.31, 123.06, 108.97, 118.94, 167.22, 223.63, 236.48, 258.46, 243.22
AXP, 109.30, 109.30, 109.30, 127.60, 133.43, 145.10, 151.52, 156.34, 161.36, 157.45, 158.93, 164.86, 144.85, 155.59, 171.02, 185.48, 178.29, 166.58, 161.42, 132.54, 147.82, 145.88, 129.48, 142.47, 151.82, 142.34, 168.53, 168.20, 159.46, 155.97, 153.85, 169.03, 163.87, 153.82, 145.26, 142.18, 166.95, 183.15, 196.25, 215.21, 223.32, 229.54, 236.12, 227.81, 248.95, 255.23, 267.61, 266.51, 301.43, 293.63, 314.07, 298.45, 266.81, 264.19, 292.57, 317.37, 297.80, 330.44, 331.32, 359.82, 365.27, 384.89, 382.48
NVS, 74.33, 74.33, 74.33, 70.58, 70.23, 72.84, 75.52, 77.97, 78.95, 78.95, 69.88, 70.72, 68.11, 74.75, 74.27, 74.74, 74.99, 78.37, 80.96, 75.26, 76.42, 71.69, 67.67, 72.23, 79.74, 80.77, 80.68, 74.89, 81.91, 95.29, 89.42, 93.75, 97.45, 93.35, 94.63, 86.94, 90.95, 93.80, 96.12, 93.80, 89.86, 93.65, 99.43, 102.64, 107.48, 116.55, 110.89, 104.51, 101.98, 93.82, 100.96, 105.14, 107.48, 113.49, 115.76, 121.01, 113.74, 126.55, 128.24, 123.79, 130.40, 132.36, 134.33
PM, 63.10, 63.10, 63.10, 66.57, 70.31, 76.28, 77.43, 79.58, 81.34, 83.70, 77.03, 77.78, 70.70, 78.16, 85.77, 84.28, 78.34, 84.52, 89.80, 83.45, 83.14, 81.72, 71.04, 79.73, 86.51, 87.85, 91.63, 85.53, 85.49, 89.06, 80.19, 86.97, 90.03, 86.72, 83.58, 81.63, 85.47, 86.13, 84.32, 83.50, 85.04, 89.34, 95.40, 95.36, 109.78, 117.53, 115.73, 127.92, 128.27, 116.01, 126.90, 151.35, 154.71, 168.50, 177.57, 179.09, 162.52, 165.57, 160.69, 142.99, 157.48, 150.95, 158.79
HSBC, 19.37, 19.37, 19.37, 22.01, 21.58, 23.70, 24.58, 21.90, 20.93, 20.07, 20.10, 23.12, 21.28, 23.18, 27.34, 26.55, 26.31, 24.52, 26.46, 25.84, 24.83, 24.38, 20.90, 20.77, 24.74, 24.98, 29.62, 30.72, 27.36, 29.80, 30.43, 33.18, 34.99, 31.26, 33.46, 30.81, 32.59, 34.84, 33.80, 33.67, 33.82, 38.99, 39.95, 40.30, 41.82, 41.19, 42.36, 43.24, 43.95, 46.85, 49.67, 56.75, 54.40, 54.78, 57.91, 59.91, 60.41, 63.54, 70.49, 69.58, 70.67, 75.24, 75.70
RTX, 59.50, 59.50, 59.50, 64.19, 69.32, 74.67, 79.58, 76.99, 78.47, 76.50, 78.04, 80.68, 73.47, 78.59, 82.37, 93.79, 90.98, 87.16, 87.35, 88.79, 86.11, 82.91, 76.06, 88.11, 91.73, 94.32, 93.32, 91.68, 92.03, 93.88, 86.59, 92.63, 83.14, 81.36, 68.53, 77.50, 77.58, 80.71, 87.40, 86.01, 94.16, 98.02, 104.09, 97.51, 114.12, 119.80, 118.31, 118.15, 118.97, 113.60, 126.59, 130.56, 130.69, 124.45, 134.66, 144.81, 156.26, 157.28, 166.67, 177.80, 174.22, 177.42, 180.58
TMUS, 121.81, 121.81, 121.81, 115.90, 121.04, 127.65, 136.66, 139.92, 139.14, 132.38, 123.43, 111.13, 105.12, 112.05, 104.50, 119.03, 124.00, 118.97, 128.77, 129.98, 138.21, 139.08, 129.62, 146.42, 146.33, 135.25, 144.25, 137.36, 139.93, 139.02, 132.60, 134.19, 133.10, 131.63, 135.30, 138.98, 145.35, 155.57, 156.45, 158.45, 159.01, 159.93, 170.44, 172.29, 178.25, 194.33, 202.46, 218.94, 242.27, 217.34, 229.39, 265.55, 263.49, 243.97, 239.28, 236.25, 236.40, 249.87, 238.20, 209.01, 207.98, 195.33, 197.51
ABT, 112.92, 112.92, 112.92, 109.88, 109.93, 110.15, 107.40, 106.74, 111.39, 116.79, 109.18, 119.12, 116.68, 130.57, 118.25, 112.30, 110.20, 105.67, 109.80, 101.56, 101.74, 96.38, 90.85, 92.89, 101.48, 103.57, 104.29, 96.39, 95.95, 104.68, 97.14, 103.82, 106.02, 98.47, 92.68, 90.48, 100.35, 105.91, 108.87, 114.71, 109.89, 102.46, 99.29, 100.96, 102.94, 110.64, 111.37, 110.74, 116.56, 111.01, 125.55, 136.15, 130.87, 128.99, 132.39, 134.80, 125.07, 132.07, 133.35, 123.07, 128.90, 123.28, 128.00
TMO, 503.43, 503.43, 503.43, 444.54, 450.77, 464.71, 463.99, 498.55, 533.97, 548.75, 564.94, 626.28, 626.05, 660.09, 575.30, 538.38, 584.55, 547.52, 562.03, 537.97, 592.91, 540.31, 502.53, 509.52, 555.37, 545.92, 565.69, 537.35, 571.68, 550.74, 504.65, 517.84, 544.91, 553.29, 502.71, 442.03, 492.71, 527.52, 536.03, 567.06, 578.02, 565.98, 565.24, 550.33, 610.80, 612.52, 616.00, 544.40, 527.77, 518.40, 596.09, 527.49, 496.22, 428.17, 402.04, 404.68, 467.26, 492.28, 484.58, 567.39, 590.83, 578.90, 566.79
MCD, 185.41, 185.41, 185.41, 183.90, 201.19, 211.90, 209.94, 208.48, 219.06, 214.32, 218.81, 222.84, 221.97, 244.62, 236.76, 223.36, 226.90, 228.63, 231.43, 226.54, 243.01, 232.78, 214.07, 252.96, 253.08, 245.86, 249.47, 246.22, 262.37, 277.52, 267.53, 280.01, 276.58, 265.22, 249.85, 248.64, 267.30, 282.90, 279.28, 278.86, 270.54, 261.99, 248.41, 244.52, 256.31, 278.77, 294.08, 283.75, 287.53, 281.59, 282.12, 301.30, 305.25, 314.17, 308.47, 287.16, 296.60, 309.91, 300.37, 296.65, 309.96, 307.86, 317.45
CRM, 223.21, 223.21, 223.21, 214.25, 209.66, 227.92, 235.62, 241.73, 239.41, 262.51, 268.40, 296.57, 281.99, 251.48, 230.21, 208.34, 210.11, 174.11, 158.57, 163.32, 182.10, 154.49, 142.34, 160.90, 158.58, 131.21, 166.22, 161.91, 197.70, 196.31, 221.05, 209.06, 222.67, 219.15, 200.67, 198.74, 249.28, 260.40, 278.16, 305.61, 298.04, 266.49, 232.30, 254.76, 256.44, 250.98, 271.64, 289.62, 328.00, 332.32, 340.03, 296.40, 267.05, 267.40, 264.49, 271.79, 257.88, 255.80, 236.59, 260.41, 230.54, 262.35, 254.23
RY, 67.52, 67.52, 67.52, 71.77, 77.77, 80.46, 88.53, 86.24, 86.10, 88.24, 85.42, 89.31, 85.73, 91.88, 98.72, 96.40, 96.27, 88.20, 92.01, 85.26, 85.87, 82.79, 80.12, 82.28, 89.71, 84.53, 92.03, 92.14, 86.78, 90.17, 82.05, 87.57, 90.89, 83.47, 81.00, 74.00, 84.78, 94.85, 91.54, 92.00, 95.60, 91.76, 104.61, 101.84, 106.97, 116.71, 120.53, 116.82, 122.44, 117.42, 118.80, 116.11, 110.76, 117.79, 125.59, 130.44, 127.38, 145.36, 147.32, 146.50, 154.09, 167.02, 167.48
SHEL, 30.61, 30.61, 30.61, 34.05, 32.81, 31.79, 32.30, 34.10, 34.29, 33.56, 38.06, 39.21, 35.90, 37.45, 44.35, 45.20, 47.40, 46.10, 51.10, 45.51, 46.46, 46.11, 43.72, 48.87, 51.37, 50.48, 52.13, 53.87, 51.48, 55.45, 50.10, 54.54, 55.67, 56.08, 58.77, 59.47, 60.07, 60.68, 58.01, 57.94, 62.50, 66.81, 67.85, 67.93, 68.91, 67.44, 62.65, 64.17, 61.51, 60.15, 63.22, 64.77, 71.11, 62.57, 64.26, 69.06, 70.82, 72.46, 70.86, 74.21, 73.07, 72.33, 72.54
SHOP, 109.86, 109.86, 109.86, 128.10, 110.65, 118.25, 124.29, 146.10, 149.99, 152.48, 135.58, 146.67, 152.18, 137.74, 96.42, 69.43, 67.60, 42.68, 37.51, 31.24, 34.83, 31.65, 26.94, 34.23, 40.88, 34.71, 49.27, 41.14, 47.94, 48.45, 57.19, 64.60, 67.58, 66.49, 54.57, 47.19, 72.82, 77.90, 80.07, 76.37, 77.17, 70.20, 59.15, 66.05, 61.20, 74.07, 80.14, 78.21, 115.60, 106.33, 116.80, 112, 95.48, 95, 107.22, 115.35, 122.21, 141.28, 148.61, 173.86, 158.64, 164.75, 162.47
NVO, 31.95, 31.95, 31.95, 32.71, 30.95, 34.43, 36.74, 39.00, 43.12, 46.55, 44.95, 51.56, 50.01, 52.43, 46.75, 48.20, 51.99, 53.88, 52.18, 52.67, 54.85, 50.15, 47.34, 51.72, 59.21, 64.31, 65.95, 67.00, 75.62, 80.04, 76.86, 77.52, 77.17, 88.91, 87.54, 92.96, 98.03, 99.58, 110.45, 115.29, 123.60, 124.40, 131.16, 138.39, 128.59, 134.92, 115.88, 108.95, 103.94, 83.71, 82.18, 88.22, 67.58, 65.71, 70.70, 68.25, 46.55, 55.83, 55.49, 49.46, 49.35, 50.29, 49.83
ISRG, 249.21, 249.21, 249.21, 245.60, 246.31, 288.33, 280.73, 306.55, 330.49, 351.19, 331.38, 361.13, 324.34, 359.30, 284.18, 290.33, 301.68, 239.30, 227.64, 200.71, 230.17, 205.74, 187.44, 246.47, 270.39, 265.35, 245.69, 229.39, 255.47, 301.22, 307.84, 341.94, 324.40, 312.68, 292.29, 262.22, 310.84, 337.36, 378.22, 385.60, 399.09, 370.62, 402.12, 444.85, 444.61, 492.63, 491.27, 503.84, 542, 521.96, 571.88, 573.15, 495.27, 515.80, 552.34, 543.41, 481.09, 473.30, 447.23, 534.28, 573.48, 547.36, 554.80
PEP, 117.05, 117.05, 117.05, 110.73, 121.24, 124.55, 127.81, 128.01, 136.59, 136.10, 130.89, 141.60, 140.00, 152.21, 153.07, 144.44, 147.65, 152.47, 148.95, 147.98, 156.43, 154.03, 145.97, 163.44, 166.98, 162.62, 154.90, 157.17, 165.12, 174.06, 166.28, 168.89, 172.13, 163.37, 156.68, 150.98, 155.62, 158.25, 157.03, 154.05, 164.31, 165.15, 162.33, 154.84, 163.39, 163.59, 160.91, 158.35, 155.84, 144.98, 144.90, 147.57, 144.18, 131.52, 127.52, 128.09, 135.26, 145.78, 137.73, 144.67, 147.30, 147.60, 150.60
APP, 74.31, 74.31, 74.31, 74.31, 74.31, 74.31, 74.31, 75.17, 61.47, 70.40, 72.37, 98.25, 91.11, 94.26, 64.42, 58.08, 55.07, 38.15, 38.11, 34.44, 35.54, 24.63, 19.49, 16.96, 14.41, 10.53, 12.70, 13.50, 15.75, 17, 25.01, 25.73, 31.40, 43.22, 39.96, 36.44, 37.48, 39.85, 41.13, 59.72, 69.22, 70.57, 81.48, 83.22, 77.10, 92.87, 130.55, 169.39, 336.75, 323.83, 369.59, 325.74, 264.97, 269.31, 393, 350.08, 390.70, 478.59, 718.54, 637.33, 599.48, 716.98, 683.65
AMAT, 92.59, 92.59, 92.59, 113.18, 128.18, 127.33, 132.53, 136.87, 134.49, 129.88, 123.95, 131.58, 141.73, 151.77, 133.27, 129.43, 127.34, 106.62, 113.32, 88.12, 102.65, 91.11, 79.56, 85.73, 106.43, 94.79, 108.52, 113.06, 119.84, 110.28, 130.06, 141.39, 148.28, 149.43, 135.72, 129.74, 146.83, 159.22, 161.41, 198.08, 202.95, 195.49, 211.66, 232.66, 209.20, 194.47, 199.58, 179.36, 172.57, 161.02, 178.56, 156.50, 144.01, 149.56, 155.55, 182.19, 179.19, 159.99, 204.34, 232.64, 251.76, 270.11, 261.70
LRCX, 45.82, 45.82, 45.82, 53.71, 56.36, 58.89, 61.68, 61.76, 60.62, 57.52, 54.13, 53.73, 64.82, 68.57, 56.37, 53.64, 51.37, 44.65, 49.85, 40.85, 48.14, 42.12, 35.20, 39.08, 45.61, 40.58, 48.47, 47.10, 51.38, 50.97, 59.98, 62.53, 70.08, 68.51, 61.13, 57.54, 70.04, 76.62, 80.94, 92.04, 95.31, 87.93, 91.66, 104.68, 90.73, 80.86, 80.38, 73.45, 72.99, 71.36, 80.31, 76.04, 72.04, 71.23, 80.30, 96.75, 94.50, 99.79, 133.42, 157.20, 155.74, 168.43, 164.39
